Tienda,Dirección,Ciudad,Estado,latitude,longitude
Av. De Los Maestros,Av. Aguascalientes Sur N° 402,Aguascalientes,Aguascalientes,21.8598943,-102.25912
Aguascalientes Oriente,Av. Aguascalientes Oriente No. 2606,Aguascalientes,Aguascalientes,21.8670803,-102.2530981
Santa Monica,Av. Siglo Xxi No. 3980,Aguascalientes,Aguascalientes,21.922951,-102.262401
Aguascalientes,Av. Independencia # 2351,Aguascalientes,Aguascalientes,21.912758,-102.2971781
Calvillo,Prolongación Independencia N° 901,Calvillo,Aguascalientes,21.8448852,-102.7268007
Rincon De Romos,Morelos N° 406.,Rincon De Romos,Aguascalientes,22.235168,-102.3558773
Puertecito De La Virgen,Av. 16 De Septiembre 101,San Francisco De Los Romo,Aguascalientes,21.9587682,-102.2654291
Tijuana Hipodromo,Agua Caliente # 11999,Tijuana,Baja California Norte,32.4077553,-116.6781628
Macro Plaza,Calle Insurgentes 18015,Tijuana,Baja California Norte,32.5006549,-116.8806918
Tijuana,Blvd. Sanchez Taboada # 4005,Tijuana,Baja California Norte,32.4407207,-117.0604847
Guadalupe Victoria Romo,Tercera N° 101,Mexicali,Baja California Norte,32.6138161,-115.4254065
,Calzada Camino Real S/N,Camino Real,Baja California Sur,24.1196339,-110.3431155
San Jose Del Cabo,Valerio Gonzalez Canseco #137 Club De Golf Fonatur,Los Cabos,Baja California Sur,23.05407359,-109.7021636
Campeche,Av. Maria Lavalle Urbina No. 35,Campeche,Campeche,19.8529267,-90.5299105
,Av Isla De Tris S/N,Ciudad Del Carmen,Campeche,18.6554159,-91.7856293
Escarcega,Av. Justo Sierra Méndez No. 154,Escarcega,Campeche,18.606818,-90.7420029
Cintalapa,Tercera Calle Oriente Oriente N° 154.,Cintalapa,Chiapas,16.5892774,-93.8648556
Ocosingo,Periférico Sur 2,Ocosingo,Chiapas,16.8959577,-92.0973662
Reforma Chiapas,Joaquin Miguel Gutierrez S7N,Reforma,Chiapas,17.8604979,-93.1524224
Del Cerrillo,Av. General Utrilla No. 26,San Cristobal De Las Casas,Chiapas,16.7409109,-92.6369268
Tapachula,Carretera Tapachula-Puerto Madero Km 2.5,Tapachula,Chiapas,14.7547636,-92.3927383
Teopisca,Av. Central Sur Nº 110,Teopisca,Chiapas,16.5327549,-92.470419
,Blvd. Belisario Domínguez No. 4451,Terán,Chiapas,16.7605527,-93.1779007
Tonalá Hielera,Belisario Dominguez No. 15,Tonala,Chiapas,16.0817951,-93.7537341
Cuarta Sur Oriente,"Cuarta Avenida Sur Oriente N° 390, Terán",Tuxtla Gutierrez,Chiapas,16.7492163,-93.1602413
Tuxtla Gutiérrez,Blvd. Belisario Domínguez 1550,Tuxtla Gutierrez,Chiapas,16.7605527,-93.1779007
Cordilleras,Avenida Homero No. 4400,Chihuahua,Chihuahua,28.7150291,-106.0984033
Homero,Av. Homero #200,Chihuahua,Chihuahua,28.7150291,-106.0984033
Chihuahua,Periférico De La Juventud No. 2200,Chihuahua,Chihuahua,28.7017763,-106.131088
Delicias,Av. Tecnologico No. 2,Delicias,Chihuahua,28.206399,-105.4531694
Parral,Av. Tecnologico #31,Hidalgo Del Parral,Chihuahua,26.9320613,-105.6450804
Av. Zaragoza,Blvd. Zaragoza No. 6008,Juarez,Chihuahua,31.5936577,-106.3579722
Cd. Juarez,Av. Ejército Nacional No. 7445,Juarez,Chihuahua,31.6750511,-106.3735581
Cd. Juarez,Av. Ejercito Nacional No. 7445,Juarez,Chihuahua,31.6704234,-106.35865
Madera,Carretera A Chihuahua,Madera,Chihuahua,29.4366882,-107.9720785
Ojinaga,Boulevard Libre Comercio No. 204,Ojinaga,Chihuahua,29.5593353,-104.3963859
Francisco I. Madero,Boulevard Francisco I. Madero No 40,Francisco I Madero,Coahuila,25.7652186,-103.2779472
Las Torres Monclova,"Av. Revolución Mexicana N° 1116, Tierra Y Libertad",Monclova,Coahuila,26.8993901,-101.3953476
Muzquiz,Socorro No. 110,Muzquiz,Coahuila,27.886685,-101.5035881
San Buenaventura,Zaragoza No. 273,San Buenaventura,Coahuila,27.060525,-101.5579899
,Periferico Luis Echeverría Álvarez No. 2545,Satélite Saltillo,Coahuila,25.4555926,-101.0218526
Monclova,Blvd. Pape No. 107,Monclova,Coahuila,26.8769567,-101.4264281
Saltillo,Paseo De La Reforma No. 1690,Saltillo,Coahuila,25.4266829,-100.9776361
Saltillo,Nazario Ortiz Garza #841,Saltillo,Coahuila,25.4472358,-100.972318
Torreon,Boulevard Diagonal Reforma No. 2220,Torreon,Coahuila,25.5355368,-103.4061722
Torreon,Blvd. Diagonal Reforma #3001,Torreon,Coahuila,25.5355984,-103.4061418
Colima Norte,Av. Tecnologico 125,Colima,Colima,19.2573168,-103.7184129
Colima,Pedro A Galvan Norte No. 120,Colima,Colima,19.2425524,-103.7140368
Colima,Av. Felipe Sevilla Del Río 49,Colima,Colima,19.2484815,-103.7067588
Manzanillo,Blvd. Miguel De La Madrid No. 17,Manzanillo,Colima,19.0726919,-104.2801122
Manzanillo,Blvd. Miguel De La Madrid # 1518,Manzanillo,Colima,19.0726919,-104.2801122
,Av. Benito Juarez . 345,Villa De Alvarez,Colima,19.2555165,-103.743476
Plateros,Blvd. Adolfo Lopez Mateos No. 1701,Alvaro Obregon,Distrito Federal,19.3589706,-99.1942376
San Jerónimo,Av. San Jerónimo # 630,Alvaro Obregon,Distrito Federal,19.3294489,-99.2092667
Olivar Del Conde,"Calle 22 N° 107., Olivar Del Conde",Alvaro Obregón,Distrito Federal,19.3737371,-99.2096475
Vasco De Quiroga,"Av. Vasco De Quiroga N° 1504, La Mexicana",Alvaro Obregón,Distrito Federal,19.3833041,-99.2350303
Puente Colorado,"Calzada De Las Aguilas N° 1258, Puente Colorado",Alvaro Obregón,Distrito Federal,19.349362,-99.2247247
Camino Antigo A Toluca,"Av. Vasco De Quiroga N° 1742, El Piru 2A Ampliación",Alvaro Obregón,Distrito Federal,19.3833041,-99.2350303
Prohogar,"Av. Central N° 129, Pro-Hogar",Azcapotzalco,Distrito Federal,19.4751347,-99.1487487
Ahuacatitla,"Ahuacatitla N° 11, Azcapotzalco",Azcapotzalco,Distrito Federal,19.485315,-99.1837342
El Rosario,Av. El Rosario No. 1025,Azcapotzalco,Distrito Federal,19.5019406,-99.204598
Barrio Los Reyes,"Trebol N° 53, San Marcos",Azcapotzalco,Distrito Federal,19.4864529,-99.1817485
Plaza La Raza,"Vallejo N° 294, San Francisco Xocotitla",Azcapotzalco,Distrito Federal,19.4748761,-99.146587
Cosmopolita,"Av. Jardin N° 396, Del Gas",Azcapotzalco,Distrito Federal,19.4700986,-99.1592217
Azcapotzalco,"Nextengo 78, Colonia Santa Cruz Acayucan",Azcapotzalco,Distrito Federal,19.4735835,-99.1918364
El Rosario,Av . El Rosario 1025,Azcapotzalco,Distrito Federal,19.5019406,-99.204598
Felix Cuevas,Av. San Francisco No. 1621,Benito Juarez,Distrito Federal,19.385175,-99.1739657
Holbein,"Holbein 230, Colonia Noche Buena",Benito Juarez,Distrito Federal,19.3832261,-99.17672173
Parroquia,"Parroquia 1031, Colonia Santa Cruz Atoyac",Benito Juarez,Distrito Federal,19.367894,-99.1636459
Xola,"Xola N° 126, Alamos",Benito Juárez,Distrito Federal,19.3954044,-99.1496327
Del Valle,"Xola N° 714, Del Valle",Benito Juárez,Distrito Federal,19.3967933,-99.1632256
Miraflores,"Av. Municipio Libre N° 40, Portales Oriente",Benito Juárez,Distrito Federal,19.3684329,-99.1444755
Angel Urraza,"Angel Urraza N° 247, Independencia",Benito Juárez,Distrito Federal,19.379682,-99.1500464
,Av. Centenario # 394,Centenario,Distrito Federal,19.364861,-99.2203662
Copilco,Av. Copilco No. 164,Coyoacan,Distrito Federal,19.338669,-99.1903068
Periferico Sur,Av. Centro Comercial No. 190,Coyoacan,Distrito Federal,19.3054878,-99.1869314
Taxqueña,"Miguel Angel De Quevedo 175-F, Colonia Oxtopulco",Coyoacan,Distrito Federal,19.3462316,-99.1807881
Echegaray,Emiliano Zapata No 7,Cuajimalpa De Morelos,Distrito Federal,19.3437633,-99.2704739
Cuajimalpa,"Jose Maria Castorena 470, Colonia San Jose De Los Cedros",Cuajimalpa De Morelos,Distrito Federal,19.3673485,-99.2882661
Santa Fe,Av. Tamaulipas 3000,Cuajimalpa De Morelos,Distrito Federal,19.3559864,-99.263915
Buenavista,Insurgentes Norte No. 131,Cuauhtemoc,Distrito Federal,19.4657189,-99.1417477
Eje Central,"Santa Maria La Redonda N° 250., Guerrero",Cuauhtémoc,Distrito Federal,19.447488,-99.1387762
Guerrero,"Mosqueta N° 174, Guerrero",Cuauhtémoc,Distrito Federal,19.4458449,-99.1504593
Doctores,"Doctor Marquez N° 40, Doctores",Cuauhtémoc,Distrito Federal,19.4109776,-99.1457834
Marte,"Marte N° 106, Guerrero",Cuauhtémoc,Distrito Federal,19.4505172,-99.144278
Lagunilla,"Allende N° 45., Centro",Cuauhtémoc,Distrito Federal,19.4382624,-99.1376233
Glorieta Cuitlahuac,"Peralvillo N° 50, Morelos",Cuauhtémoc,Distrito Federal,19.4453779,-99.132681
Tolnáhuac,"Calzada Vallejo N° 128, San Simon Tolnahuac",Cuauhtémoc,Distrito Federal,19.4619554,-99.1412154
Peralvillo,"Calzada De Guadalupe N° 136, Peralvillo",Cuauhtémoc,Distrito Federal,19.4570136,-99.1281315
Gabriel Hernandez,"Cabo Buena Esperanza N° 340, Ampliacion Gabriel Hernandez",Gustavo A Madero,Distrito Federal,19.5035262,-99.1016176
Roberto Esquerra,"Dario Fernandez N°74, Palmatitla",Gustavo A Madero,Distrito Federal,19.5549878,-99.1371505
Parque Tepeyac,"Av. Huitzilihuitl N° 247, Santa Isabel Tola",Gustavo A Madero,Distrito Federal,19.4952385,-99.1174513
Victoria,"Enriqueta N° 144, Bondojito",Gustavo A Madero,Distrito Federal,19.4675345,-99.1070269
General Carrera,"Martin Carrera N° 226, Martin Carrera",Gustavo A Madero,Distrito Federal,19.4885582,-99.1073311
Acueducto De Guadalupe,Av. Luis Espinoza No. 160,Gustavo A Madero,Distrito Federal,19.5285034,-99.1561832
Tepeyac,"Calzada De Guadalupe 431, Colonia Guadalupe Tepeyac",Gustavo A Madero,Distrito Federal,19.4731096,-99.1216572
Lindavista,"Av. Instituto Politecnico Nacional 1787, Colonia Lindavista",Gustavo A Madero,Distrito Federal,19.4915419,-99.1330994
Eduardo Molina,Calzada San Juan De Aragón No. 516,Gustavo A Madero,Distrito Federal,19.4727409,-99.0873102
Tepeyac,Av. Ferrocarril Hidalgo No. 431,Gustavo A Madero,Distrito Federal,19.4753068,-99.1117193
Calle 6,"Calle 6 N° 350, Pantitlan",Iztacalco,Distrito Federal,19.4170606,-99.0583286
Av. Guadalupe,"Av. Guadalupe N° 41, Pantitlan",Iztacalco,Distrito Federal,19.415166,-99.064998
La Ermita,"Calzada Ermita Iztapalapa N° 2771, Santa Cruz Meyehualco",Iztapalapa,Distrito Federal,19.3440112,-99.0333186
Santa Isabel,"Av. Tlahuac N° 250, Santa Isabel Industrial",Iztapalapa,Distrito Federal,19.3437661,-99.1078848
Guadalupe Victoria,"Guadalupe Victoria N° 115, Santa Cruz Meyehualco",Iztapalapa,Distrito Federal,19.3329184,-99.0441225
Acatitla Norte,"Av. Texcoco N° 1535, Santa Martha Acatitla",Iztapalapa,Distrito Federal,19.3848612,-99.0232325
Plaza Oriente,Av. Canal De Tezontle No. 1520,Iztapalapa,Distrito Federal,19.3825885,-99.0607764
Villas Estrella,"Av. 11 N° 32, El Vergel",Iztapalapa,Distrito Federal,19.3164687,-99.0847454
Paraje Zacatepec,"Av. México N° 36, Paraje Zacatepec",Iztapalapa,Distrito Federal,19.3578197,-99.0220885
Plaza Oriente,Av. Canal De Tezontle No. 1520,Iztapalapa,Distrito Federal,19.3825885,-99.0607764
,Av Tlahuac #4421 Iztapalapa Lomas Estrella 2A Sección,Lomas Estrella,Distrito Federal,19.3209394,-99.0889214
Plaza De Los Dinamos,"Jose Moreno Salido N° 18, Barranca Seca",Magdalena Contreras,Distrito Federal,19.30542,-99.2433657
,Mariano Escobedo #145 Anahuac Miguel Hidalgo D.F.,Mariano Escobedo,Distrito Federal,19.4452468,-99.1827087
Popotla,"Calzada México-Tacuba N° 417, Popotla",Miguel Hidalgo,Distrito Federal,19.451085,-99.1730274
Observatorio,"Av. Observatorio N° 224, Observatorio",Miguel Hidalgo,Distrito Federal,19.4031899,-99.1971715
Panteón Francés,"Calzada Legaria N° 442, Deportiva Pensil",Miguel Hidalgo,Distrito Federal,19.4474487,-99.2064156
Tacubaya,"Avenida Observatorio 13, Colonia Tacubaya",Miguel Hidalgo,Distrito Federal,19.4038867,-99.1868736
Liq. Tacuba,"Calzada Mexico Tacuba 644, Colonia Tacuba",Miguel Hidalgo,Distrito Federal,19.4597276,-99.1935834
,Av. Observatorio #457,Observatorio,Distrito Federal,19.4031899,-99.1971715
,Parque Lira #147,Tacubaya,Distrito Federal,19.3996891,-99.1855864
Cuemanco,Cañaverales #222,Tlalpan,Distrito Federal,19.2947128,-99.1159302
Villa Coapa,Av. Canal De Miramontes No. 3520,Tlalpan,Distrito Federal,19.3038356,-99.1246592
Villa Coapa,"Canal De Miramontes 3520, Colonia Villa Coapa",Tlalpan,Distrito Federal,19.3038356,-99.1246592
Acoxpa,Calzada Acoxpa No. 438,Tlalpan,Distrito Federal,19.2917748,-99.1230371
Cuemanco,Cañaverales No.222,Tlalpan,Distrito Federal,19.2947128,-99.1159302
Cenicienta,"Cenicienta N° 204, Miguel Hidalgo",Tláhuac,Distrito Federal,19.2917876,-99.0466228
Francisco Jimenez,"Francisco Jimenez N° 190, La Conchita Zapotitlan",Tláhuac,Distrito Federal,19.2880571,-99.0363543
,Av. Tlahuac # 1577 Colonia. Mirasoles,Tulyehualco,Distrito Federal,19.3193637,-99.0799166
Congreso De La Unión,"Alarcon N° 72, Morelos",Venustiano Carranza,Distrito Federal,19.4343339,-99.121215
Ferrocarril De Cintura,"Ferrocarril De Cintura N° 159, Morelos",Venustiano Carranza,Distrito Federal,19.4413805,-99.1212826
Corregidora,"Limon N° 35, Centro",Venustiano Carranza,Distrito Federal,19.4317676,-99.1238862
Iztaccihuatl,"Oriente 158 N° 54, Moctezuma 2A Sección",Venustiano Carranza,Distrito Federal,19.4277901,-99.1011815
Eje 1 Norte,"Oriente 140 N° 164, Moctezuma 2A Sección",Venustiano Carranza,Distrito Federal,19.4342822,-99.1033725
Romero Rubio Egipto,"Egipto N°46, Romero Rubio",Venustiano Carranza,Distrito Federal,19.4401817,-99.1002934
Aeropuerto,Calzada Ignacio Zaragoza No. 58,Venustiano Carranza,Distrito Federal,19.4214341,-99.0997095
,Av. Canal De Miramontes No. 7620,Villa Coapa,Distrito Federal,19.2973896,-99.1251336
Nativitas,"Carretera Nueva Xochimilco-Tulyehualco N° 206,",Xochimilco,Distrito Federal,19.2478346,-99.0908088
,Prolongación Division Del Norte 5333 Colonia Potrero De San Bernardino,Xochimilco,Distrito Federal,19.2591697,-99.111521
"Durango Ii ""El Eden""",Blvd. Durango No. 100,Durango,Durango,24.0112169,-104.6689907
Francisco Villa,Blvd. Francisco Villa # 4510,Durango,Durango,25.1805905,-104.5556047
,Prol. Pino Suarez 3616,Durango,Durango,25.5345259,-103.5420222
Durango,Blvd. Felipe Pescador 1401 De Zona Centro,Durango,Durango,24.035408,-104.6588127
Villa Jardin,Blvd. Miguel Alemán 1060,Lerdo,Durango,25.5534731,-103.5083845
Villa Union Poanas,Calle Hidalgo No. 197,Poanas,Durango,23.990196,-104.0193046
Santiago Papasquiaro,Morelos No. 201,Santiago Papasquiaro,Durango,25.0326846,-105.4101226
Acambay,Carretera Panamericana No. 72,Acambay,Estado De México,19.9637994,-99.9818757
,Av. Mario Colín Sánchez N° 283,Atlacomulco,Estado De México,19.7994598,-99.8780743
,Tultepec #23 Bosques Del Valle Coacalco De Berriozabal Edo De Mex,Bosques Del Valle,Estado De México,19.6525331,-99.1191125
Coatepec Harinas,Calle Nigromante No. 7,Coatepec Harinas,Estado De México,18.9227033,-99.7669905
San Marcos Izcalli,Av. Chalma No. 281,Cuautitlan Izcalli,Estado De México,19.6698213,-99.2133635
,Avenida Morelos S/N San Gregorio Cuautzingo,Cuautzingo,Estado De México,19.2653636,-98.8559747
5 De Febrero,"5 De Febrero N° 8, Santa Clara",Ecatepec,Estado De México,19.5437772,-99.0604342
Ecatepec Centro,Av . Revolucion 1560,Ecatepec De Morelos,Estado De México,19.6027129,-99.0435071
Aragón,"Boulevard De Los Guerreros S/N, Colonia Ciudad Azteca",Ecatepec De Morelos,Estado De México,19.5312328,-99.0223823
Las Américas,Av. Central,Ecatepec De Morelos,Estado De México,19.5125596,-99.0374358
Multiplaza Aragón,Av. Carlos Hank Gonzalez #120,Ecatepec De Morelos,Estado De México,19.5373432,-99.0268014
,Av. De Las Granjas N° 41,El Molinito,Estado De México,19.4447369,-99.2507934
Av. Jesus Del Monte,Blvd. Paseo Interlomas # 5,Huixquilucan,Estado De México,19.3974768,-99.284006
Jesús Del Monte,Blvd. Paseo Interlomas No. 5,Huixquilucan,Estado De México,19.3974768,-99.284006
Juchitepec,Av. Everardo González No. 315,Juchitepec,Estado De México,19.1061422,-98.8820969
Tepozanes,"Av. Puebla N° 1, Los Reyes Acaquilpan",La Paz,Estado De México,19.3589166,-98.9767605
Acaquilpan,"Av. Texcoco N° 74, Los Reyes Acaquilpan",La Paz,Estado De México,19.3668636,-98.9904459
,Av. Río Bravo No. 6,La Paz,Estado De México,19.3689196,-98.9572812
,Hermilio Mena S/N,La Presa,Estado De México,19.5323655,-99.1132119
Lerma Toluca,Rio Lerma No. 5,Lerma,Estado De México,19.2923752,-99.5095065
Minas Palacio,"Av. Minas Palacio N° 10, San Antonio Zomeyucan",Naucalpan De Juárez,Estado De México,19.4578726,-99.2524215
Cd. Jardín,Av. Victor No. 3,Nezahualcoyotl,Estado De México,19.4282271,-99.0314265
,Paseo San Buenaventura No. 15,San Buenaventura,Estado De México,19.3140674,-98.8593216
,Camino Real A San Mateo N° 115,San Mateo Nopala,Estado De México,19.5026331,-99.2641539
San Jose Tecamc,Carretera Federal México - Pachuca Km 36.5,Tecamac,Estado De México,19.7923638,-98.9725835
Tecamac,Carretera Federal México-Pachuca Km. 36.5,Tecamac,Estado De México,19.7923638,-98.9725835
Tejupilco Cristobal,Av. Cristobal Hidalgo No. 85,Tejupilco De Hidalgo,Estado De México,18.8884035,-100.1379092
,Av. Juarez N° 3,Tepotzotlan,Estado De México,19.7080549,-99.232512
Tequixquiac,Avenida Hidalgo # 31,Tequixquiac,Estado De México,19.9112125,-99.1462818
Hiperplaza Texcoco,Hidalgo No. 300,Texcoco,Estado De México,19.4802111,-98.8819966
Puerta Texcoco,Carretera Federal Mexico Texcoco Km 30.5,Texcoco,Estado De México,19.4863833,-98.8844554
Tlalmanalco,C. Morelos No. 50 Tlalmanalco Estado De México,Tlalmanalco,Estado De México,19.2026221,-98.7614734
San Juan Ixhuatepec,"Emiliano Zapata N° 37, San Juan Ixhuatepec",Tlalnepantla,Estado De México,19.5191375,-99.1037451
Multiplaza Arboledas,Autopista Mexico-Queretaro No. 3985,Tlalnepantla De Baz,Estado De México,19.5856435,-99.2042525
Río De Los Remedios,Av. Rio De Los Remedios N°. 5,Tlalnepantla De Baz,Estado De México,19.513384,-99.0987781
Rio De Los Remedios,Av. Rio De Los Remedios #5,Tlalnepantla De Baz,Estado De México,19.513384,-99.0987781
Toluca,Paseo Tollocan No. 600,Toluca,Estado De México,19.2888762,-99.6793856
,Vicente Lombardo Toledano #343 Santa Maria Totoltepec,Totoltepec,Estado De México,19.3125811,-99.5757692
Leandro Valle,"Leandro Valle No. 63-A , San Pablo De Las Salinas",Tultitlán,Estado De México,19.6729822,-99.098156
San Pablo,"Av. San Pablo N° 10, San Pablo De Las Salinas",Tultitlán,Estado De México,19.6603831,-99.0864605
Villa De Carbón,Calle Domingo Vazquez S/N,Villa Del Carbon,Estado De México,19.7267763,-99.4606447
Villa Guerrero,Av. Benito Juarez # 50,Villa Guerrero,Estado De México,18.9548729,-99.6435777
,Venustiano Carranza 133,Xonacatlán,Estado De México,19.4021409,-99.5229104
,Av. 16 De Septiembre N° 349,Zinacantepec,Estado De México,19.2948049,-99.7325952
Zinacantepec,Boulevard Adolfo López Mateos No. 117,Zinacantepec,Estado De México,19.3145242,-99.75976
Los Reyes Zumpango,Carretera Zumpango Los Reyes S/N,Zumpango,Estado De México,19.7790475,-99.0242615
Zumpango,Carretera Zumpango-Los Reyes No. 2000,Zumpango,Estado De México,19.7790475,-99.0242615
Abasolo,Juarez #322-A.,Abasolo,Guanajuato,20.4646461,-101.5270358
Apaseo El Grande,Vicente A. Ruíz N° 119.,Apaseo El Grande,Guanajuato,20.5491188,-100.6896047
San Antonio Celaya,"Miguel Hidalgo N° 416, San Antonio",Celaya,Guanajuato,20.5436732,-100.8276538
El Sauz,Calle Eje Norponiente # 801,Celaya,Guanajuato,20.5538875,-100.8342953
,Calle 2 De Abril No.401,Cortázar,Guanajuato,20.3746619,-100.948741
Cuerámaro,Ignacio Zaragoza #201,Cueramaro,Guanajuato,20.6234084,-101.6677005
,Boulevard Delta # 704. Industrial Delta León Guanajuato,Delta,Guanajuato,21.0895117,-101.6216242
,Boulevard Gustavo Díaz Ordaz #1333-H.,Irapuato,Guanajuato,20.6746644,-101.3399479
Irapuato,Av. Paseo Irapuato No. 1101,Irapuato,Guanajuato,20.6659544,-101.3874947
Jaral Del Progreso,Calle Camelia No. 103,Jaral Del Progreso,Guanajuato,20.3742855,-101.0668508
Galerias Las Torres,Blvd. Juan Alonso De Torres No. 1325,Leon,Guanajuato,21.1336791,-101.7162799
La Antorcha,Blvd. Jose Maria Morelos # 5665,Leon,Guanajuato,21.1666202,-101.6523528
Bosques De Renteria,Blvd. Fco Villa # 1402,Leon,Guanajuato,21.1435418,-101.6403285
Torres Landa,Blvd. Juan José Torres Landa Oriente N. 1601,Leon,Guanajuato,21.096511,-101.6327868
López Mateos,Blvd. Adolfo López Mateos No. 3415,Leon,Guanajuato,21.0998979,-101.632492
Cuenca Florida,"Calle Del Concilio N° 102., Santa Cecilia",León,Guanajuato,21.1904192,-101.6704668
Manuel Doblado,Vicente Guerrero # 48,Manuel Doblado,Guanajuato,20.7512151,-101.8230433
,C. Niños Héroes #51,Pénjamo,Guanajuato,20.4393212,-101.6069256
,Av. Faja De Oro No. 400,Salamanca,Guanajuato,20.5730175,-101.1834325
Salamanca,Av. Faja De Oro 805,Salamanca,Guanajuato,20.5730175,-101.1834325
,Avenida Valle De Santiago. S/N,Salamanca Sur,Guanajuato,20.5558799,-101.2029453
Salvatierra,Ignacio Allende No. 407 Zona Centro Salvatierra Guanajuato,Salvatierra,Guanajuato,20.21639,-100.8791631
,Boulevard Emiliano Zapata # 307. Centro San Francisco Del Rincón Guanajuato,San Francisco Del Rincón,Guanajuato,21.0160602,-101.8545601
Juventino Rosas,Blvd. Manuel M. Moreno #607 A,Santa Cruz De Juventino Rosas,Guanajuato,20.6396252,-100.985819
Villagrán,Sebastian Tovar # 200 Zona Centro Villagran Guanajuato,Villagran,Guanajuato,20.5094104,-100.9941336
Acapulco,Av. Costera Miguel Alemán No. 500,Acapulco De Juarez,Guerrero,16.8563336,-99.8953151
Acapulco Diamante,Blvd. De Las Naciones No. 802,Acapulco De Juarez,Guerrero,16.7644658,-99.7588013
Arcelia,Av. Lazaro Cardenas No. 37,Arcelia,Guerrero,18.3139058,-100.2783886
,Av. Ruffo Figueroa No. 2,Chilpancingo,Guerrero,17.5353265,-99.4900878
Teloloapan,Calzada Club De Leones S/N,Teloloapan,Guerrero,18.3659578,-99.8653517
Tixtla,Av. Insurgentes N° 125,Tixtla De Guerrero,Guerrero,17.5619544,-99.410033
Actopan,Prolongación Morelos # 92,Actopan,Hidalgo,20.251765,-98.9310693
Apan,Aldama Poniente No. 62,Apan,Hidalgo,19.706963,-98.4534538
Cuautepec,Calle Progreso No. 403,Cuautepec,Hidalgo,20.0372658,-98.3143926
Huichapan,Av. Javier Rojo Gómez N°230,Huichapan,Hidalgo,20.373247,-99.6515163
Ixmiquilpan,Plaza Juarez No. 9,Ixmiquilpan,Hidalgo,20.4840376,-99.2170084
,Blvd. Everardo Marquez No. 101,Pachuca,Hidalgo,20.1130625,-98.7471913
Valle Del Mezquital,Av Emiliano Zapata No 88,Progreso De Obregon,Hidalgo,20.24369,-99.1915308
,Av. Melchor Ocampo #46,Tepeji Del Rio,Hidalgo,19.9001741,-99.3420943
Tezontepec De Aldama,Av. Insurgentes No. 31,Tezontepec De Aldama,Hidalgo,20.1929693,-99.2725923
Zimapán,Av. Heroico Colegio Militar No. 26,Zimapan,Hidalgo,20.7386852,-99.3774064
Ahualulco De Mercado,Zaragoza N° 102,Ahualulco De Mercado,Jalisco,20.6555407,-103.9362222
,Mezquitan #2563 Guadalajara Jalisco,Atemajac,Jalisco,20.70713,-103.35451
Autlan De Navarro,Av. Independencia Nacional No. 1238,Autlan De Navarro,Jalisco,19.7740878,-104.3577549
Cihuatlan,Ocampo N°211,Cihuatlan,Jalisco,19.2364951,-104.5602688
Cocula,Ocampo N° 255,Cocula,Jalisco,20.3706571,-103.8210066
Manuel Acuña,"Manuel Acuña 3200, Monraz",Guadalajara,Jalisco,20.684776,-103.3978862
Chapalita,"Av. Lopez Mateos Sur 1825, Chapalita",Guadalajara,Jalisco,20.6609563,-103.396455
Ruben Dario,"Turin 2828, Providencia",Guadalajara,Jalisco,20.6946089,-103.3862838
España,"Los Ahuehuetes N° 136, El Carmen",Guadalajara,Jalisco,20.6187838,-103.3862771
Polanquito Ii,"Av. 8 De Julio, Polanquito",Guadalajara,Jalisco,20.6216765,-103.3720368
Independencia,Periferico Manuel Gomez Morin # 120,Guadalajara,Jalisco,20.7106055,-103.2873114
Jocotepec,Miguel Arana No. 261,Jocotepec,Jalisco,20.2842564,-103.4209075
La Barca,Jorge Verapaz No. 42,La Barca,Jalisco,20.2847145,-102.5496992
,Félix Ramírez Rentería #333. Del Carmen Lagos De Moreno Jalisco,Lagos De Moreno,Jalisco,21.3661923,-101.9150292
Poncitlán,Emilio Carranza No. 406,Poncitlan,Jalisco,20.3805216,-102.9287622
Pitillal,Francisco Medina Ascencio No. 2900,Puerto Vallarta,Jalisco,20.6246528,-105.2302972
Puerto Vallarta,Avenida Francisco Medina Ascencio # 2880,Puerto Vallarta,Jalisco,20.67757,-105.247604
,Marina Vallarta No. 130 Zapopan Jalisco,Santa Margarita,Jalisco,20.7422842,-103.417968
Tamazula De Gordiano,Gordiano Guzman N° 295,Tamazula De Gordiano,Jalisco,19.6731149,-103.2533061
Capilla De Guadalupe,Allende No 276,Tepatitlan De Morelos,Jalisco,20.8235365,-102.7641757
Tequila,Carretera Internacional N° 500,Tequila,Jalisco,20.8803112,-103.8284953
Tizapán,28 De Enero S/N,Tizapan El Alto,Jalisco,20.1587684,-103.0482508
Lomas Del Sur,"Boulevard Lomas Del Sur N° 600, Lomas Del Sur",Tlajomulco,Jalisco,20.4934812,-103.4050908
Tlajomulco,Porfirio Diaz N° 88,Tlajomulco De Zuñiga,Jalisco,20.4760412,-103.275203
San Sebastián El Grande,"Cuauhtemoc N° 12, San Sebastian El Grande",Tlajomulco De Zúñiga,Jalisco,20.5345415,-103.4237852
Plaza Los Cántaros,"Av. Cantaros De Marmol N° 1648, Los Cántaros",Tlajomulco De Zúñiga,Jalisco,20.5046531,-103.3337206
Juan De La Barrera,Juan De La Barrera No. 6090,Tlaquepaque,Jalisco,20.6078951,-103.3192868
Nilo,Av. Rio Nilo # 7377,Tonala,Jalisco,20.6275566,-103.2591473
Tuxpan,Av. Anselmo Villalobos N° 20,Tuxpan,Jalisco,19.5578565,-103.3890555
Villa Textil,Durango No. 302,Villa Hidalgo,Jalisco,21.6780055,-102.5831256
Zacoalco,Av Ruben Ramirez Flores No.409,Zacoalco De Torres,Jalisco,20.2301698,-103.5805406
San Isidro,"Camino A Bosques De San Isidro 1475, San Isidro",Zapopan,Jalisco,20.7655046,-103.3812692
La Cima,Av. Juan Gil Preciado # 1544,Zapopan,Jalisco,20.74152,-103.40699
Paraísos Del Colli,"Prolongacion Av. Del Colli, Paraisos Del Colli",Zapopan,Jalisco,20.65217,-103.45152
San Francisco Tesistan,"Juan Manuel Ruvalcaba N° 144, Santa Lucia",Zapopan,Jalisco,20.8014452,-103.4923386
Parques De Tesistan,"Avenida San Mateo N° 1107, Parques De Tesistan",Zapopan,Jalisco,20.7919685,-103.4685309
San Juan De Ocotan,"Av. 5 De Mayo N° 435-A, San Juan De Ocotan",Zapopan,Jalisco,20.710864,-103.443277
Niño Obrero,Av. Niño Obrero No. 1551,Zapopan,Jalisco,20.6752089,-103.4094217
Guadalajara Parques,Prolongación Av. Guadalupe S/N,Zapopan,Jalisco,20.6561258,-103.452694
Valle Real,"Av. Santa Margarita 4000, Valle Real",Zapopan,Jalisco,20.7296918,-103.4394747
Patria,Paseo Royal Country #455,Zapopan,Jalisco,20.7085957,-103.420221
Patria,Paseo Royal Country 4555,Zapopan,Jalisco,20.7085957,-103.420221
Valle Real,Av. Santa Margarita No. 3600,Zapopan,Jalisco,20.7309932,-103.4116721
Bravo,Matamoros N° 52,Zapotiltic,Jalisco,19.626662,-103.4133594
Zamora,Calzada Zamora Jaconá 850,Jacona,Michoacán,19.9724426,-102.2951212
La Piedad,Blvd. Lazaro Cardenas 3001 A,La Piedad,Michoacán,20.3375509,-102.0178491
Lazaro Cardenas,Av. Las Palmas No. 1559,Lazaro Cardenas,Michoacán,17.9727336,-102.2068138
Altozano,Av. Montaña Monarca Norte No. 250,Morelia,Michoacán,19.6676548,-101.165037
Morelia Reforma,Periférico Paseo De La República No. 2150,Morelia,Michoacán,19.7228233,-101.1908935
Morelia,Avenida Enrique Ramirez 420,Morelia,Michoacán,19.6895681,-101.1591327
Uruapan,Blvd Industrial No 1241,Uruapan,Michoacán,19.4238252,-102.0104682
Plaza Ana,Calzada Zamora Jacona #1900,Zamora,Michoacán,19.9724426,-102.2951212
Ario De Rosales,Av. Lázaro Cárdenas No. 310,Ario,Michoacán,20.014011,-102.3176626
Los Reyes Salgado,Carretera Jacona-Los Reyes No. 161,Los Reyes,Michoacán,19.628276,-102.4887363
Villa Magna,"Av. Villa Magna S/N, Villa Magna",Morelia,Michoacán,19.683229,-101.327139
,Calzada Ventura Puente No. 1843,Morelia,Michoacán,19.6843969,-101.180832
Nueva Italia,Av. Lázaro Cárdenas Sur No. 195,Mugica,Michoacán,18.9984836,-102.1031281
Peribán De Ramos,Primero De Mayo No. 13,Peribán,Michoacán,19.5229866,-102.4130072
Purepero De Echaiz,Av. Lázaro Cárdenas No. 231,Purepero,Michoacán,19.9124232,-102.000816
,Blvd. Lazaro Cárdenas Sur No. 1200,Sahuayo,Michoacán,20.0615309,-102.7162249
Tangancícuaro,Av. General Carlos Salazar Oriente No. 892,Tangancicuaro,Michoacán,19.8858139,-102.202879
Tepalcatepec,Santos Degollado No. 107,Tepalcatepec,Michoacán,19.1867216,-102.8432708
,Calzada La Fuente No. 2350,Uruapan,Michoacán,19.4171602,-102.0440774
Av. Lázaro Cárdenas,"Av. Lázaro Cárdenas N° 132, Lázaro Cárdenas",Zamora,Michoacán,20.014011,-102.3176626
Axochiapan,Calle Zaragoza #68,Axochiapan,Morelos,18.5437465,-98.736305
,Calle José Perdiz No.26,Cuautla,Morelos,18.8121427,-98.9510748
Domingo Diez,Av. Domingo Diez No. 727,Cuernavaca,Morelos,18.9569703,-99.2371045
Zapata,"Av. Emiliano Zapata 807, Tlaltenango",Cuernavaca,Morelos,18.950789,-99.2448549
Sumiya,"Avenida 10 De Abril N° 57, Vicente Estrada Cajigal",Cuernavaca,Morelos,18.9145491,-99.2006634
Ahuatlan,"Av. Al Bosque De Tetela N° 104, Ahuatlan Tzompantle",Cuernavaca,Morelos,18.9542344,-99.2536661
Gobernadores,"Av. Vicente Guerrero 706, Lomas De La Selva",Cuernavaca,Morelos,18.9345877,-99.2300409
Avila Camacho,"Av. Manuel Avila Camacho 606, Tlaltenango",Cuernavaca,Morelos,18.9348525,-99.2484659
Cuernavaca,Av. Vicente Guerrero 760,Cuernavaca,Morelos,18.9346928,-99.2301273
Civac,"Av. Lazaro Cardenas N° 38, Otilio Montaño",Jiutepec,Morelos,18.9265096,-99.1811822
Jiutepec,Carretera Federal Cuernavaca-Cuautla Km 4.8,Jiutepec,Morelos,18.8698446,-99.1194195
Puente De Ixtla,Reforma 422,Puente De Ixtla,Morelos,18.6181296,-99.3222276
Lomas Del Carril,"Calzada Guadalupe N° 18, Lomas Del Carril",Temixco,Morelos,18.8603072,-99.2316177
Paraiso Cuernavaca,Libramiento El Diez # 114,Temixco,Morelos,18.8361934,-99.2240645
Acaponeta,Prisciliano Sánchez N° 30,Acaponeta,Nayarit,22.4909045,-105.3717514
Villa Nayarit,Av. Ejido No. 236,Santiago Ixcuintla,Nayarit,21.7353409,-105.2364295
Santiago Ixcuintla,Luis Figueroa N° 65,Santiago Ixcuintla,Nayarit,21.8103032,-105.2077739
Los Sauces,"Av. Los Sauces N°202, Los Sauces",Tepic,Nayarit,21.4685791,-104.8763855
Tepic,Av. Insurgentes No. 1254,Tepic,Nayarit,21.5017907,-104.8894716
Tuxpan Nayarit,Independencia N° 6,Tuxpan,Nayarit,21.9455743,-105.3062841
Av. Girasol,"Violeta N° 605, Hacienda Las Margaritas",Apodaca,Nuevo León,25.708239,-100.1565653
Antares Apodaca,"Av. Andromeda N° 201, Cosmopolis",Apodaca,Nuevo León,25.8170421,-100.2453835
,Blvd. Independencia No. 807,Cadereyta,Nuevo León,25.6031776,-99.9777434
Cienega De Flores,Av. Independencia No. 600,Cienega De Flores,Nuevo León,25.9530007,-100.1677166
,Av. Maestro Israel Cavazos Garza S/N,Dos Rios,Nuevo León,25.6799384,-100.1686746
Dr. Arroyo,Calle Juárez,Dr. Arroyo,Nuevo León,23.9468192,-100.4390049
,Boulevard Benito Juárez S/N,Escobedo,Nuevo León,25.7793092,-100.2807472
Valle De San Blas,"Av. Del Hospital N° 101, Valle De San Blas",García,Nuevo León,25.7996265,-100.5688936
Hacienda De San Juan,"Misión Agua Azul N° 218, Misión San Juan",García,Nuevo León,25.7832674,-100.4651977
San José Lincoln,"Camino A San José N° 1501, Valle De Lincoln",García,Nuevo León,25.7915976,-100.4835686
Colonia Fomerrey,"Independencia N° 204, Nuevo León Estado De Progreso",General Escobedo,Nuevo León,25.8447928,-100.3994695
La Pastora,Av. Eloy Cavazos No. 2051,Guadalupe,Nuevo León,25.6519007,-100.1995216
Rodrigo De Llano,"Av. Adolfo Ruiz Cortines N° 435-A, Adolfo Prieto",Guadalupe,Nuevo León,25.7031108,-100.2558349
Julio Cesar,"Av. Camino Real N° 1612, Camino Real",Guadalupe,Nuevo León,25.6596089,-100.2293645
Eloy Cavazos,Av. Eloy Cavazos No. 5200,Guadalupe,Nuevo León,25.6519007,-100.1995216
Miguel Aleman,Av Miguel Aleman No 7000,Guadalupe,Nuevo León,25.6941295,-100.2393532
Sc Villa Juarez,Carretera A Reynosa No. 1800,Juarez,Nuevo León,25.6602394,-100.1484194
Los Cometas,"Av. Las Torres N° 405, Los Cometas",Juárez,Nuevo León,25.6135292,-100.1505961
,Av. Abraham Lincoln No 525,Mitras,Nuevo León,25.71335,-100.3482551
Las Torres,Av. Eugenio Garza Sada No.6110,Monterrey,Nuevo León,25.5842462,-100.2560042
Pio X,"16 De Septiembre N° 1108, Independencia",Monterrey,Nuevo León,25.6613766,-100.3148769
Plaza Centrika,Calle Vicente Guerrero No. 2500,Monterrey,Nuevo León,25.6712107,-100.3139799
Independencia,"Guanajuato N° 221, Independencia",Monterrey,Nuevo León,25.6541831,-100.3157666
Chapultepec,Av. Chapultepec No. 1836,Monterrey,Nuevo León,25.666058,-100.2751215
Cumbres Mty,Av. Paseo De Los Leones # 3201 Cumbres 8° Sector,Monterrey,Nuevo León,25.7020978,-100.3664898
Las Torres,Av. Eugenio Garza Sada # 4950,Monterrey,Nuevo León,25.6088016,-100.2699734
Toscana,"Calle San Francisco N° 900, Valle De Santa María",Pesquería,Nuevo León,25.7113084,-100.0879585
2Da. Sección Lomas De San Martín,"Calle Roma N° 1001, Lomas De San Martin",Pesquería,Nuevo León,25.7549376,-100.1090368
Salinas Victoria,Escobedo No. 119,Salinas Victoria,Nuevo León,25.9587887,-100.2918781
San Nicolas,Av. Sendero Divisorio # 200,San Nicolas De Los Garza,Nuevo León,25.7646754,-100.3137325
La Fe,Av. Romulo Garza No. 256,San Nicolas De Los Garza,Nuevo León,25.7241357,-100.2144283
Universidad Mty,Av. Universidad # 413,San Nicolas De Los Garza,Nuevo León,25.7283552,-100.306681
San Nicolás,Av. Sendero Divisorio #200-A,San Nicolas De Los Garza,Nuevo León,25.7646754,-100.3137325
Gomez Morin,Av. Manuel Gomez Morin # 940,San Pedro Garza Garcia,Nuevo León,25.6634838,-100.3534021
Prados San Jorge,"Tonatiuh N° 400, Prados De San Jorge",Santa Catarina,Nuevo León,25.6875344,-100.4299247
,Av. Santo Domingo S/N,Santo Domingo,Nuevo León,25.751517,-100.2591389
,Carretera A Zuazua Km. 3.5,Zuazua,Nuevo León,25.9052788,-100.1589666
Ejutla De Crespo,Calle Hidalgo No. 43,Heroica Ciudad De Ejutla De Crespo,Oaxaca,16.6944671,-96.7313591
Matías Romero,Porfirio Diaz No. 500,Matias Romero Avendaño,Oaxaca,16.8781635,-95.0343167
Oaxaca,Av. Universidad 601,Oaxaca De Juarez,Oaxaca,17.0512045,-96.7133053
Putla,Calle Tamaulipas S/N,Putla Villa De Guerrero,Oaxaca,17.0274578,-97.9304448
San Antonino,Avenida Castillo Velasco No.6,San Antonino Castillo Velasco,Oaxaca,16.8011317,-96.6774012
Tuxtepec,Blvd. Benito Juárez No. 1101,San Juan Bautista Tuxtepec,Oaxaca,18.0962723,-96.1625646
Pochutla,Avenida Lázaro Cardenas S/N,San Pedro Pochutla,Oaxaca,15.7308553,-96.4746441
,Av Circuito 1 Norte No 98,San Sebastian Tutla,Oaxaca,17.0473665,-96.6916396
,Boulevard Benito Juarez No. 795,Tuxtepec,Oaxaca,18.0962723,-96.1625646
Villa De Etla,Calle Centenario No. 100,Villa De Etla,Oaxaca,17.1987635,-96.7917825
Zimatlan,Calle Rafael Carreño S/N.,Zimatlan De Alvarez,Oaxaca,16.8668125,-96.7892931
Acatzingo,Calle 3 Poniente,Acatzingo,Puebla,19.0155057,-97.8251851
Norte Chignahuapan,Boulevard Romero Vargas No. 107,Chignahuapan,Puebla,19.8460923,-98.0287324
,Esperanza Téllez No. 43,Huauchinango,Puebla,20.1763665,-98.0630163
Huejotzingo,Calle Morelos No. 504,Huejotzingo,Puebla,19.2107327,-98.3829556
Angelópolis,Blvd. Atlixcayotl No.1504,Puebla,Puebla,19.0132084,-98.2583214
San Manuel,Diagonal Ignacio Zaragoza No. 1404,Puebla,Puebla,19.016163,-98.1986449
Las Animas,Blvd. Atlixco No. 3304,Puebla,Puebla,19.052569,-98.2236186
Vía Capu,Blvd. Héroes Del 5 De Mayo 2322,Puebla,Puebla,19.0263852,-98.205849
La Noria,Circuito Interior 1920,Puebla,Puebla,18.4539468,-97.3759058
,Camino Real A San Jeronimo #1801,San Jerónimo,Puebla,19.0145038,-98.4035634
Forjadores,Blvd. Forjadores De Puebla No. 3401,San Pedro Cholula,Puebla,19.0749802,-98.2608763
Tepeaca,3 Oriente No. 108,Tepeaca,Puebla,18.9629292,-97.8915337
,Morelos N° 54,Teziutlán,Puebla,19.8516228,-97.3616345
Tlatlauquitepec,Av. Independencia No. 2,Tlatlauquitepec,Puebla,19.848095,-97.4984016
Xicotepec,Av. Zaragoza No. 188,Xicotepec,Puebla,20.265437,-97.9610921
Zacapoaxtla,Calle 5 De Mayo No.96,Zacapoaxtla,Puebla,19.811635,-97.5791864
Zacatlán,Calle Libertad No. 20,Zacatlan,Puebla,19.9461228,-97.9770329
Queretaro,Boulevard Bernardo Quintana No. 4113,Queretaro,Querétaro,20.570427,-100.3585007
Juriquilla,Carretera Queretaro-San Luis Potosí 12402,Queretaro,Querétaro,20.8697193,-100.4224393
Plaza De Toros,Hacienda Vegil # 101,Queretaro,Querétaro,20.5758864,-100.41169
Juriquilla,Playa Condesa 188- A Desarrollo San Pablo,Queretaro,Querétaro,20.6212439,-100.4100564
Cadereyta,José María Morelos N°37,Cadereyta De Montes,Querétaro,20.7016004,-99.8210734
Candiles,"Av. Candiles S/N, El Roble",Corregidora,Querétaro,20.5464404,-100.4017867
Santa Elena,Joaquín Vega N°139,Ezequiel Montes,Querétaro,20.6672701,-99.9027219
Bernardo Quintana,"Av. De La Luz N° 1214, Cerrito Colorado",Querétaro,Querétaro,20.6356696,-100.4555436
Belén,"Calzada Belén S/N, San Pedrito",Querétaro,Querétaro,20.6492323,-100.4081432
Lomas De San Pedrito,"Av. Pie De La Cuesta S/N, San Pedrito Peñuelas",Querétaro,Querétaro,20.6494196,-100.4042286
Querétaro Centro,"Corregidora N° 152, Centro",Querétaro,Querétaro,20.6054853,-100.3894956
,Av. Constituyentes Oriente No. 34,Querétaro,Querétaro,20.5897232,-100.3600115
Popocatépetl Querétaro,"Avenida Popocatépetl N° 309, Loma Bonita",Querétaro,Querétaro,20.6484395,-100.4526366
,Av. Pie De La Cuesta N° 1486 San Pablo Querétaro Qro.,San Pablo,Querétaro,20.643224,-100.4054019
,Insurgentes No. 601,Chetumal,Quintana Roo,18.5190084,-88.3169001
Insurgentes Chetumal,Insurgentes # 41,Othon P Blanco,Quintana Roo,18.5153059,-88.2833513
Cardenas,Genovevo Rivas Guillen No. 2,Cardenas,San Luis Potosí,21.9924809,-99.648121
Cd. Del Maiz Barragan,Boulevard Miguel Barragán No. 56,Ciudad Del Maiz,San Luis Potosí,22.4005155,-99.6075755
Cd. Valles,Calle Monterrey No. 110,Ciudad Valles,San Luis Potosí,22.0005638,-99.008598
Ébano,Vicente Guerrero No. 3-A,Ebano,San Luis Potosí,22.2123724,-98.3758768
Zona Suburbia San Luis,"Av Venustiano Carranza 345, Colonia Centro",San Luis Potosi,San Luis Potosí,22.1515301,-100.9796229
Montecillo,"Calle Octava N° 201, San Luis",San Luis Potosí,San Luis Potosí,22.1533113,-100.9602279
,Avenida San Pedro No. 1322 San Francisco,Soledad De Graciano,San Luis Potosí,22.1680372,-100.9421193
Valentín Amador,"Av. Valentín Amador N° 629, San Francisco",Soledad De Graciano Sánchez,San Luis Potosí,22.1622343,-100.9497633
Los Mochis,Blvd. Jiquilpan S/N,Ahome,Sinaloa,25.8028983,-108.9885856
Alvaro Obregón,"Av. Alvaro Obregón N° 43, Lombardo Toledano",Culiacán,Sinaloa,24.8529989,-107.3938096
,Boulevard Francisco Labastida Ochoa S/N,Guamúchil,Sinaloa,25.4592673,-108.0755399
Ejercito Mexicano,Carretera Internacional No. 2017,Mazatlan,Sinaloa,23.245813,-106.4210872
Estero,"Av. Insurgentes S/N, Benito Juarez",Mazatlán,Sinaloa,23.2329629,-106.4082451
Las Tinajas,"Francisco I Madero S/N, Valle Del Ejido",Mazatlán,Sinaloa,23.2825052,-106.3974742
Sonoyta,Boulevard Francisco Eusebio Kino No. 52,General Plutarco Elias Calles,Sonora,31.865357,-112.8466342
Blvd. Morelos,Blvd. Morelos #710,Hermosillo,Sonora,29.1448709,-110.9529629
Hermosillo,Paseo Rio Sonora S/N,Hermosillo,Sonora,29.0695551,-111.0137765
General Pesqueira,Blvd. Centenario #117,Navojoa,Sonora,27.0706024,-109.4795845
"Nogales ""El Greco""",Boulevard El Greco No.47,Nogales,Sonora,31.2893484,-110.9499219
,Chimeneas No. 320,Nogales,Sonora,31.2889267,-110.9616894
Santa Ana,Anaya No. 310,Santa Ana,Sonora,30.5492784,-111.1195452
Universidad,Av. Universidad No. 224,Centro,Tabasco,18.0108084,-92.92036
,Carretera Jalpa-Nacajuca S/N,Jalpa De Méndez,Tabasco,18.1797222,-93.0385566
Tenosique De Pino Suárez,Calle 45 N° 16.,Tenosique,Tabasco,17.4721371,-91.4295632
Cd. Madero,Blvd. Adolfo Lopez Mateos No. 301,Ciudad Madero,Tamaulipas,22.2718499,-97.8497318
Diaz Ordaz,Av. Gustavo Díaz Ordaz No. 100,Gustavo Diaz Ordaz,Tamaulipas,26.2308736,-98.5987428
Aljadores,Av. Hidalgo No. 1302,Tampico,Tamaulipas,22.2611231,-97.8758503
,Calzada San Pedro No. 127,Tampico,Tamaulipas,22.2866446,-97.8900268
Tampico,Av. Hidalgo 6112,Tampico,Tamaulipas,22.2884945,-97.873052
Victoria Centro,Berriozabal #1810,Victoria,Tamaulipas,23.7410299,-99.1472346
Las Adelitas,Blvd. Adolfo López Mateos No. 150,Victoria,Tamaulipas,23.7531027,-99.1617701
Papalotla,Carretera Tlaxcala Sur N° 16,Papalotla De Xicohtencatl,Tlaxcala,19.1452185,-98.2225729
El Molinito,Carretera Apizaco-Puebla # 3,Tlaxcala,Tlaxcala,19.3241156,-98.2006934
Tlaxco,Francisco I Madero N° 71,Tlaxco,Tlaxcala,19.5926307,-98.1200588
Zacatelco,Carretera Puebla-Tlaxcala N° 91.,Zacatelco,Tlaxcala,19.2046047,-98.2394106
Agua Dulce,Av. Francisco I. Madero,Agua Dulce,Veracruz,18.1303288,-94.1407621
Altotonga,Guadalupe Victoria No 25,Altotonga,Veracruz,19.696962,-97.2531492
Banderilla,Libertad N° 9,Banderilla,Veracruz,19.5885843,-96.939194
Coatzintla,Carretera Poza Rica - San Andres N° 1,Coatzintla,Veracruz,20.4779288,-97.4545535
,Av. Eje 1 Poniente 1942,Coyol,Veracruz,19.1643303,-96.1542193
Cuitláhuac,Avenida 1,Cuitlahuac,Veracruz,18.8165117,-96.7340292
Cafetales De Córdoba,"Calle 10 N° 2818, San Francisco Toxpan",Córdoba,Veracruz,18.9076705,-96.9299826
San José,"Avenida 5 N° 813, Centro",Córdoba,Veracruz,18.8916736,-96.9340995
Fortín De Las Flores,Boulevard Cordoba Fortin N° 333,Fortin,Veracruz,18.9003708,-96.9713259
Huatusco,Avenida 7 Poniente No. 810,Huatusco,Veracruz,19.1475525,-96.9665542
Coscomatepec,Carretera Fortin-Huatusco N° 4,Huatusco,Veracruz,19.1649577,-96.9595277
,Calle: Melchor Ocampo # 803,Martínez De La Torre,Veracruz,20.1376015,-96.9566444
Playa Vicente,Independencia No. 724,Playa Vicente,Veracruz,17.820575,-95.7052355
Pueblo Viejo,Calle Abasolo S/N,Pueblo Viejo,Veracruz,22.1908473,-97.8338099
,Av. Veracruz No. 26,Río Blanco,Veracruz,18.8355107,-97.1503763
,Blvd. 5 De Febrero No. 101,San Andrés Tuxtla,Veracruz,18.4450803,-95.2034304
Santiago Tuxtla,Eneas Rivas Castellanos N° 224,Santiago Tuxtla,Veracruz,18.4619349,-95.3079003
Tantoyuca,Benito Juarez No. 401,Tantoyuca,Veracruz,21.3608883,-98.2249413
Álamo,Boulevard Quintana Roo N° 317,Temapache,Veracruz,20.9053229,-97.6797485
Tempoal De Sanchez,Av. Emiliano Zapata No. 123,Tempoal,Veracruz,21.5228918,-98.3890754
Tlapacoyan,Calle Francisco Gonzalez Bocanegra No. 206,Tlapacoyan,Veracruz,19.9666142,-97.2104067
Xico,Vicente Guerrero N° 106,Xico,Veracruz,19.4222612,-97.0070413
Veracruz,Av. Ejército Mexicano 26,Boca Del Rio,Veracruz,19.1408459,-96.1162882
Coatzacoalcos,Av Universidad Veracruzana 2329,Coatzacoalcos,Veracruz,18.1432487,-94.4778625
Córdoba,Blvd. Cordoba-Fortin No. 4025,Fortin,Veracruz,18.9003708,-96.9713259
Tuxpan,Carretera Tuxpan-Tampico #88,Tuxpam,Veracruz,20.9492889,-97.4334224
Tuxpan,Carretera Tuxpan-Tampico No.88,Tuxpam,Veracruz,20.9492889,-97.4334224
Jalapa,Av. Lazaro Cardenas No. 406,Xalapa,Veracruz,19.5388839,-96.907885
Xalapa,Carretera Xalapa Veracruz No. 191,Xalapa,Veracruz,19.510449,-96.8721973
,Calle 20 No. 30,Chuburná,Yucatán,21.0119023,-89.6320731
,Calle 74 No. 430,Fraccionamiento Mérida Las Americas,Yucatán,21.0722218,-89.6452357
Halacho,Calle 16 No. 72,Halacho,Yucatán,20.5463333,-90.1617179
Merida Norte,Calle 30 No. 185,Merida,Yucatán,21.0398481,-89.6192652
Montejo,"30 500, Mexico",Merida,Yucatán,21.0112586,-89.6050112
Tixkokob,Calle 21 No. 129,Tixkokob,Yucatán,21.0025724,-89.3960296
Tizimin,Calle 50 N° 382,Tizimin,Yucatán,21.142975,-88.1518721
Fresnillo,Blvd. Jesús Varela Rico #201.,Fresnillo,Zacatecas,23.1774353,-102.8926774
Tlaltenango De Sánchez Román,Alvaro Obregon N° 101,Tlaltenango De Sanchez Roman,Zacatecas,21.7690771,-103.3058455
Valparaíso,Calle Venustiano Carranza No. 113,Valparaiso,Zacatecas,22.7729255,-103.5714634
